{"cameraMode":{"drawMode":0,"name":"Shaded","section":"Shading Mode"},"sceneLighting":true,"audioPlay":false,"sceneViewState":{"showFog":true,"showMaterialUpdate":false,"showSkybox":true,"showFlares":true,"showImageEffects":true,"showParticleSystems":true},"in2DMode":false,"pivot":{"x":4.431607246398926,"y":1.9836745262145997,"z":4.432497978210449},"rotation":{"x":0.016067974269390107,"y":-0.9666855335235596,"z":0.24766920506954194,"w":0.0627216249704361},"size":0.98570317029953,"orthographic":false}